mean_close,std_close,min_close,max_close
127.668772160557,93.69810518844419,25.787700653076172,343.39935302734375
